size,path
10,綠農的家/彩虹餐廳
10,綠農的家/綠書坊
10,彩虹餐廳/綠書坊
10,葡萄看林園/葡萄看林園
10,葡萄看林園/葡萄看林園
10,葡萄看林園/葡萄看林園
10,葡萄看高雄/葡萄看高雄
10,葡萄看高雄/葡萄看高雄
10,葡萄看高雄/葡萄看高雄
10,葡萄看政府/葡萄看政府
10,葡萄看政府/葡萄看政府
10,ETtoday筋斗雲/ETtoday筋斗雲
10,ETtoday筋斗雲/ETtoday筋斗雲
10,ETtoday筋斗雲/ETtoday筋斗雲
10,ETtoday筋斗雲/ETtoday筋斗雲
10,公民不健忘－台灣主權和平獨立/公民不健忘－台灣主權和平獨立
10,公民不健忘－台灣主權和平獨立/公民不健忘－台灣主權和平獨立
10,公民不健忘－台灣主權和平獨立/公民不健忘－台灣主權和平獨立
10,公民不健忘－台灣主權和平獨立/公民不健忘－台灣主權和平獨立
10,台灣向前行/台灣向前行
10,台灣向前行/台灣向前行
10,台灣向前行/台灣向前行
10,台灣向前行/台灣向前行
10,台灣向前行/台灣向前行
10,藍色力量/藍色力量
10,葡萄看林園/葡萄看林園
10,葡萄看林園/葡萄看林園
10,葡萄看林園/葡萄看林園
10,葡萄看林園/葡萄看林園
10,葡萄看林園/葡萄看林園
10,葡萄看林園/葡萄看林園
10,葡萄看林園/葡萄看林園
10,葡萄看高雄/葡萄看高雄
10,葡萄看高雄/葡萄看高雄
10,葡萄看高雄/葡萄看高雄
10,葡萄看高雄/葡萄看高雄
10,葡萄看高雄/葡萄看高雄
10,葡萄看高雄/葡萄看高雄
10,葡萄看高雄/葡萄看高雄
10,葡萄看政府/葡萄看政府
10,葡萄看政府/葡萄看政府
10,葡萄看政府/葡萄看政府
10,葡萄看政府/葡萄看政府
10,葡萄看政府/葡萄看政府
10,葡萄看政府/葡萄看政府
10,葡萄看政府/葡萄看政府
10,葡萄看屏東/葡萄看屏東
10,上報評論圈/上報
10,風傳媒觀點/風傳媒
10,陳吉仲/只是堵藍
10,藍色力量/藍色力量
10,藍色力量/藍色力量
10,藍色力量/藍色力量
10,藍色力量/藍色力量
10,只是堵藍/我是茄萣人噠
10,華人聊天/華人聊天
10,公民不健忘－台灣主權和平獨立/公民不健忘－台灣主權和平獨立
10,公民不健忘－台灣主權和平獨立/公民不健忘－台灣主權和平獨立
10,公民不健忘－台灣主權和平獨立/公民不健忘－台灣主權和平獨立
10,公民不健忘－台灣主權和平獨立/公民不健忘－台灣主權和平獨立
10,公民不健忘－台灣主權和平獨立/公民不健忘－台灣主權和平獨立
10,公民不健忘－台灣主權和平獨立/公民不健忘－台灣主權和平獨立
10,公民不健忘－台灣主權和平獨立/公民不健忘－台灣主權和平獨立
10,公民不健忘－台灣主權和平獨立/公民不健忘－台灣主權和平獨立
10,公民不健忘－台灣主權和平獨立/公民不健忘－台灣主權和平獨立
10,公民不健忘－台灣主權和平獨立/公民不健忘－台灣主權和平獨立
10,公民不健忘－台灣主權和平獨立/公民不健忘－台灣主權和平獨立
10,公民不健忘－台灣主權和平獨立/公民不健忘－台灣主權和平獨立
10,公民不健忘－台灣主權和平獨立/公民不健忘－台灣主權和平獨立
10,公民不健忘－台灣主權和平獨立/公民不健忘－台灣主權和平獨立
10,公民不健忘－台灣主權和平獨立/公民不健忘－台灣主權和平獨立
10,公民不健忘－台灣主權和平獨立/公民不健忘－台灣主權和平獨立
10,公民不健忘－台灣主權和平獨立/公民不健忘－台灣主權和平獨立
10,寶島聯播網/汪潔民
10,ETtoday筋斗雲/ETtoday筋斗雲
10,ETtoday筋斗雲/ETtoday筋斗雲
10,你下架我狂/中華民國網路後援會
10,藍色力量/藍色力量
10,公民不健忘－台灣主權和平獨立/公民不健忘－台灣主權和平獨立
10,公民不健忘－台灣主權和平獨立/公民不健忘－台灣主權和平獨立
10,udn.com 聯合新聞網/udn.com 聯合新聞網
10,葡萄看林園/葡萄看林園
10,葡萄看林園/葡萄看林園
10,葡萄看林園/葡萄看林園
10,葡萄看林園/葡萄看林園
10,葡萄看林園/葡萄看林園
10,葡萄看林園/葡萄看林園
10,葡萄看林園/葡萄看林園
10,葡萄看林園/葡萄看林園
10,葡萄看林園/葡萄看林園
10,葡萄看林園/葡萄看林園
10,葡萄看林園/葡萄看林園
10,葡萄看林園/葡萄看林園
10,葡萄看林園/葡萄看林園
10,葡萄看林園/葡萄看林園
10,葡萄看林園/葡萄看林園
10,葡萄看高雄/葡萄看高雄
10,葡萄看高雄/葡萄看高雄
10,葡萄看高雄/葡萄看高雄
10,葡萄看高雄/葡萄看高雄
10,葡萄看高雄/葡萄看高雄
10,葡萄看高雄/葡萄看高雄
10,葡萄看高雄/葡萄看高雄
10,葡萄看高雄/葡萄看高雄
10,葡萄看高雄/葡萄看高雄
10,葡萄看高雄/葡萄看高雄
10,葡萄看高雄/葡萄看高雄
10,葡萄看高雄/葡萄看高雄
10,葡萄看高雄/葡萄看高雄
10,葡萄看高雄/葡萄看高雄
10,葡萄看高雄/葡萄看高雄
10,葡萄看高雄/葡萄看高雄
10,葡萄看政府/葡萄看政府
10,葡萄看政府/葡萄看政府
10,葡萄看政府/葡萄看政府
10,葡萄看政府/葡萄看政府
10,葡萄看政府/葡萄看政府
10,葡萄看政府/葡萄看政府
10,葡萄看政府/葡萄看政府
10,葡萄看政府/葡萄看政府
10,葡萄看政府/葡萄看政府
10,葡萄看政府/葡萄看政府
10,葡萄看政府/葡萄看政府
10,葡萄看政府/葡萄看政府
10,葡萄看政府/葡萄看政府
10,葡萄看政府/葡萄看政府
10,葡萄看政府/葡萄看政府
10,葡萄看政府/葡萄看政府
10,葡萄看政府/葡萄看政府
10,公民不健忘－台灣主權和平獨立/公民不健忘－台灣主權和平獨立
10,公民不健忘－台灣主權和平獨立/公民不健忘－台灣主權和平獨立
10,新聞深喉嚨/新聞深喉嚨
10,中視新聞/中視新聞
10,udn.com 聯合新聞網/udn.com 聯合新聞網
10,自由時報/自由時報
10,BRT長輩老人經文圖/黃暐瀚
10,韓國瑜大桃園後援會/台灣新住民交流後援會
10,ETtoday筋斗雲/ETtoday筋斗雲
10,無色覺醒/無色覺醒
10,今周刊/今周刊
10,台中多媒體/台中多媒體
10,葡萄看政府/葡萄看政府
10,葡萄看政府/葡萄看政府
10,葡萄看政府/葡萄看政府
10,葡萄看政府/葡萄看政府
10,葡萄看政府/葡萄看政府
10,葡萄看政府/葡萄看政府
10,葡萄看政府/葡萄看政府
10,葡萄看政府/葡萄看政府
10,葡萄看政府/葡萄看政府
10,葡萄看政府/葡萄看政府
10,葡萄看政府/葡萄看政府
10,葡萄看政府/葡萄看政府
10,葡萄看政府/葡萄看政府
10,葡萄看政府/葡萄看政府
10,葡萄看林園/葡萄看林園
10,葡萄看林園/葡萄看林園
10,葡萄看林園/葡萄看林園
10,葡萄看林園/葡萄看林園
10,葡萄看林園/葡萄看林園
10,葡萄看林園/葡萄看林園
10,葡萄看林園/葡萄看林園
10,葡萄看林園/葡萄看林園
10,葡萄看林園/葡萄看林園
10,葡萄看林園/葡萄看林園
10,葡萄看林園/葡萄看林園
10,葡萄看林園/葡萄看林園
10,葡萄看高雄/葡萄看高雄
10,葡萄看高雄/葡萄看高雄
10,葡萄看高雄/葡萄看高雄
10,葡萄看高雄/葡萄看高雄
10,葡萄看高雄/葡萄看高雄
10,葡萄看高雄/葡萄看高雄
10,葡萄看高雄/葡萄看高雄
10,葡萄看高雄/葡萄看高雄
10,葡萄看高雄/葡萄看高雄
10,葡萄看高雄/葡萄看高雄
10,葡萄看高雄/葡萄看高雄
10,葡萄看高雄/葡萄看高雄
10,公民不健忘－台灣主權和平獨立/公民不健忘－台灣主權和平獨立
10,公民不健忘－台灣主權和平獨立/公民不健忘－台灣主權和平獨立
10,公民不健忘－台灣主權和平獨立/公民不健忘－台灣主權和平獨立
10,公民不健忘－台灣主權和平獨立/公民不健忘－台灣主權和平獨立
10,公民不健忘－台灣主權和平獨立/公民不健忘－台灣主權和平獨立
10,公民不健忘－台灣主權和平獨立/公民不健忘－台灣主權和平獨立
10,公民不健忘－台灣主權和平獨立/公民不健忘－台灣主權和平獨立
10,公民不健忘－台灣主權和平獨立/公民不健忘－台灣主權和平獨立
10,民主進步黨/民主進步黨澎湖縣黨部
10,藍色力量/藍色力量
10,藍色力量/藍色力量
10,藍色力量/藍色力量
10,藍色力量/藍色力量
10,中視新聞/中視新聞
10,中視新聞/中視新聞
10,中視新聞/中視新聞
10,民意論壇：聯合報。世界日報。udn tv/民意論壇：聯合報。世界日報。udn tv
10,民意論壇：聯合報。世界日報。udn tv/民意論壇：聯合報。世界日報。udn tv
10,民意論壇：聯合報。世界日報。udn tv/民意論壇：聯合報。世界日報。udn tv
10,民意論壇：聯合報。世界日報。udn tv/民意論壇：聯合報。世界日報。udn tv
10,民意論壇：聯合報。世界日報。udn tv/民意論壇：聯合報。世界日報。udn tv
10,民意論壇：聯合報。世界日報。udn tv/民意論壇：聯合報。世界日報。udn tv
10,民意論壇：聯合報。世界日報。udn tv/民意論壇：聯合報。世界日報。udn tv
10,葡萄看林園/葡萄看林園
10,葡萄看林園/葡萄看林園
10,葡萄看林園/葡萄看林園
10,葡萄看林園/葡萄看林園
10,葡萄看林園/葡萄看林園
10,葡萄看林園/葡萄看林園
10,葡萄看林園/葡萄看林園
10,葡萄看林園/葡萄看林園
10,葡萄看林園/葡萄看林園
10,葡萄看林園/葡萄看林園
10,葡萄看林園/葡萄看林園
10,葡萄看林園/葡萄看林園
10,葡萄看林園/葡萄看林園
10,葡萄看林園/葡萄看林園
10,葡萄看高雄/葡萄看高雄
10,葡萄看高雄/葡萄看高雄
10,葡萄看高雄/葡萄看高雄
10,葡萄看高雄/葡萄看高雄
10,葡萄看高雄/葡萄看高雄
10,葡萄看高雄/葡萄看高雄
10,葡萄看高雄/葡萄看高雄
10,葡萄看高雄/葡萄看高雄
10,葡萄看高雄/葡萄看高雄
10,葡萄看高雄/葡萄看高雄
10,葡萄看高雄/葡萄看高雄
10,葡萄看高雄/葡萄看高雄
10,葡萄看高雄/葡萄看高雄
10,葡萄看高雄/葡萄看高雄
10,葡萄看政府/葡萄看政府
10,葡萄看政府/葡萄看政府
10,葡萄看政府/葡萄看政府
10,葡萄看政府/葡萄看政府
10,葡萄看政府/葡萄看政府
10,葡萄看政府/葡萄看政府
10,葡萄看政府/葡萄看政府
10,葡萄看政府/葡萄看政府
10,葡萄看政府/葡萄看政府
10,葡萄看政府/葡萄看政府
10,葡萄看政府/葡萄看政府
10,葡萄看政府/葡萄看政府
10,葡萄看政府/葡萄看政府
10,葡萄看政府/葡萄看政府
10,葡萄看政府/葡萄看政府
10,韓國瑜大桃園後援會/台灣新住民交流後援會
10,監督髮夾彎政府行動陣線/監督髮夾彎政府行動陣線
10,中視新聞/中視新聞
10,公民不健忘－台灣主權和平獨立/公民不健忘－台灣主權和平獨立
10,公民不健忘－台灣主權和平獨立/公民不健忘－台灣主權和平獨立
10,公民不健忘－台灣主權和平獨立/公民不健忘－台灣主權和平獨立
10,公民不健忘－台灣主權和平獨立/公民不健忘－台灣主權和平獨立
10,公民不健忘－台灣主權和平獨立/公民不健忘－台灣主權和平獨立
10,公民不健忘－台灣主權和平獨立/公民不健忘－台灣主權和平獨立
10,公民不健忘－台灣主權和平獨立/公民不健忘－台灣主權和平獨立
10,臺中市沙鹿區公所/臺中市沙鹿區公所
10,寶島聯播網/簡余晏
10,風傳媒觀點/風傳媒
10,中國國民黨桃園市中壢區黨部/中國國民黨桃園市觀音區黨部
10,中國國民黨桃園市黨部粉絲團/中國國民黨桃園市觀音區黨部
10,中國國民黨桃園市黨部粉絲團/中國國民黨桃園市中壢區黨部
10,中國國民黨桃園市復興區黨部/中國國民黨桃園市中壢區黨部
10,中國國民黨桃園市復興區黨部/中國國民黨桃園市觀音區黨部
10,中國國民黨桃園市復興區黨部/中國國民黨桃園市黨部粉絲團
10,中視新聞/中視新聞
10,藍蝴蝶論政/無腦事件簿
10,OPEN KMT  開放聯盟/Openkmt論壇
10,無腦事件簿/Openkmt論壇
10,無腦事件簿/五六七大聯盟
10,正藍旗/無腦事件簿
10,正藍旗/五六七大聯盟
10,陳思宇/吳怡萱
10,簡余晏/簡余晏
10,簡余晏/寶島聯播網
10,寶島聯播網/寶島聯播網
10,寶島聯播網/簡余晏
10,寶島聯播網/簡余晏
10,公民不健忘－台灣主權和平獨立/公民不健忘－台灣主權和平獨立
10,公民不健忘－台灣主權和平獨立/公民不健忘－台灣主權和平獨立
10,CCTV 中文/CCTV 中文
10,華視新聞/華視新聞
10,美國台灣州/美國台灣州州政府
10,中視新聞/中視新聞
10,中視新聞/中視新聞
10,中視新聞/中視新聞
10,新黨打假除亂/新聞深喉嚨
10,新黨打假除亂/新覺僵講幹話
10,鏡週刊/鏡週刊
10,華視新聞/華視新聞
10,快點TV/快點TV
10,韓國瑜大桃園後援會/台灣新住民交流後援會
10,三立新聞/三立新聞
10,天勾之友/天勾之友
10,藍色力量/藍色力量
10,藍色力量/藍色力量
10,藍色力量/藍色力量
10,藍色力量/藍色力量
10,藍色力量/藍色力量
10,中視新聞/中視新聞
10,udn.com 聯合新聞網/udn.com 聯合新聞網
10,公民不健忘－台灣主權和平獨立/公民不健忘－台灣主權和平獨立
10,公民不健忘－台灣主權和平獨立/公民不健忘－台灣主權和平獨立
10,公民不健忘－台灣主權和平獨立/公民不健忘－台灣主權和平獨立
10,公民不健忘－台灣主權和平獨立/公民不健忘－台灣主權和平獨立
10,公民不健忘－台灣主權和平獨立/公民不健忘－台灣主權和平獨立
10,公民不健忘－台灣主權和平獨立/公民不健忘－台灣主權和平獨立
10,中國國民黨桃園市中壢區黨部/中國國民黨桃園市八德區黨部
10,中國國民黨桃園市中壢區黨部/中國國民黨桃園市黨部粉絲團
10,中國國民黨桃園市中壢區黨部/中國國民黨桃園市復興區黨部
10,中國國民黨桃園市中壢區黨部/中國國民黨桃園市楊梅區黨部
10,中國國民黨桃園市八德區黨部/中國國民黨桃園市復興區黨部
10,中國國民黨桃園市八德區黨部/中國國民黨桃園市楊梅區黨部
10,中國國民黨桃園市復興區黨部/中國國民黨桃園市楊梅區黨部
10,中國國民黨桃園市黨部粉絲團/中國國民黨桃園市楊梅區黨部
10,中國國民黨桃園市黨部粉絲團/中國國民黨桃園市八德區黨部
10,中國國民黨桃園市黨部粉絲團/中國國民黨桃園市復興區黨部
10,葡萄看林園/葡萄看林園
10,葡萄看林園/葡萄看林園
10,葡萄看高雄/葡萄看高雄
10,葡萄看高雄/葡萄看高雄
10,BRT長輩老人經文圖/BRT長輩老人經文圖
10,華視新聞/華視新聞
10,民意論壇：聯合報。世界日報。udn tv/民意論壇：聯合報。世界日報。udn tv
10,民意論壇：聯合報。世界日報。udn tv/民意論壇：聯合報。世界日報。udn tv
10,民意論壇：聯合報。世界日報。udn tv/民意論壇：聯合報。世界日報。udn tv
10,民意論壇：聯合報。世界日報。udn tv/民意論壇：聯合報。世界日報。udn tv
10,民意論壇：聯合報。世界日報。udn tv/民意論壇：聯合報。世界日報。udn tv
10,民意論壇：聯合報。世界日報。udn tv/民意論壇：聯合報。世界日報。udn tv
10,你下架我狂/中華民國網路後援會
10,公民不健忘－台灣主權和平獨立/公民不健忘－台灣主權和平獨立
10,公民不健忘－台灣主權和平獨立/公民不健忘－台灣主權和平獨立
10,公民不健忘－台灣主權和平獨立/公民不健忘－台灣主權和平獨立
10,公民不健忘－台灣主權和平獨立/公民不健忘－台灣主權和平獨立
10,公民不健忘－台灣主權和平獨立/公民不健忘－台灣主權和平獨立
10,台灣向前行/台灣向前行
10,台灣向前行/台灣向前行
10,台灣向前行/台灣向前行
10,台灣向前行/台灣向前行
10,芋傳媒 TaroNews/芋傳媒 TaroNews
10,民意論壇：聯合報。世界日報。udn tv/民意論壇：聯合報。世界日報。udn tv
10,民意論壇：聯合報。世界日報。udn tv/民意論壇：聯合報。世界日報。udn tv
10,民意論壇：聯合報。世界日報。udn tv/民意論壇：聯合報。世界日報。udn tv
10,民意論壇：聯合報。世界日報。udn tv/民意論壇：聯合報。世界日報。udn tv
10,民意論壇：聯合報。世界日報。udn tv/民意論壇：聯合報。世界日報。udn tv
10,民意論壇：聯合報。世界日報。udn tv/民意論壇：聯合報。世界日報。udn tv
10,民意論壇：聯合報。世界日報。udn tv/民意論壇：聯合報。世界日報。udn tv
10,民意論壇：聯合報。世界日報。udn tv/民意論壇：聯合報。世界日報。udn tv
10,民意論壇：聯合報。世界日報。udn tv/民意論壇：聯合報。世界日報。udn tv
10,民意論壇：聯合報。世界日報。udn tv/民意論壇：聯合報。世界日報。udn tv
10,施正鋒的冥想/施正鋒的冥想
10,施正鋒的冥想/施正鋒的冥想
10,施正鋒的冥想/施正鋒的冥想
10,施正鋒的冥想/施正鋒的冥想
10,施正鋒的冥想/施正鋒的冥想
10,自由時報/自由時報
10,中視新聞/中視新聞
10,中視新聞/中視新聞
10,中視新聞/中視新聞
10,中視新聞/中視新聞
10,中視新聞/中視新聞
10,三立新聞/三立新聞
10,三立iNEWS/三立iNEWS
10,公民不健忘－台灣主權和平獨立/公民不健忘－台灣主權和平獨立
10,公民不健忘－台灣主權和平獨立/公民不健忘－台灣主權和平獨立
10,公民不健忘－台灣主權和平獨立/公民不健忘－台灣主權和平獨立
10,公民不健忘－台灣主權和平獨立/公民不健忘－台灣主權和平獨立
10,公民不健忘－台灣主權和平獨立/公民不健忘－台灣主權和平獨立
10,公民不健忘－台灣主權和平獨立/公民不健忘－台灣主權和平獨立
10,公民不健忘－台灣主權和平獨立/公民不健忘－台灣主權和平獨立
10,公民不健忘－台灣主權和平獨立/公民不健忘－台灣主權和平獨立
10,公民不健忘－台灣主權和平獨立/公民不健忘－台灣主權和平獨立
10,公民不健忘－台灣主權和平獨立/公民不健忘－台灣主權和平獨立
10,公民不健忘－台灣主權和平獨立/公民不健忘－台灣主權和平獨立
10,公民不健忘－台灣主權和平獨立/公民不健忘－台灣主權和平獨立
10,公民不健忘－台灣主權和平獨立/公民不健忘－台灣主權和平獨立
10,公民不健忘－台灣主權和平獨立/公民不健忘－台灣主權和平獨立
10,倒立先生Mr. Candle/倒立先生Mr. Candle
10,倒立先生Mr. Candle/倒立先生Mr. Candle
10,倒立先生Mr. Candle/倒立先生Mr. Candle
10,倒立先生Mr. Candle/倒立先生Mr. Candle
10,倒立先生Mr. Candle/倒立先生Mr. Candle
10,中視新聞/中視新聞
10,民意論壇：聯合報。世界日報。udn tv/民意論壇：聯合報。世界日報。udn tv
10,民意論壇：聯合報。世界日報。udn tv/民意論壇：聯合報。世界日報。udn tv
10,中視新聞/中視新聞
10,施正鋒的冥想/施正鋒的冥想
10,施正鋒的冥想/施正鋒的冥想
10,公民不健忘－台灣主權和平獨立/公民不健忘－台灣主權和平獨立
10,公民不健忘－台灣主權和平獨立/公民不健忘－台灣主權和平獨立
10,公民不健忘－台灣主權和平獨立/公民不健忘－台灣主權和平獨立
10,公民不健忘－台灣主權和平獨立/公民不健忘－台灣主權和平獨立
10,江啟臣/江啟臣
10,公民不健忘－台灣主權和平獨立/公民不健忘－台灣主權和平獨立
10,公民不健忘－台灣主權和平獨立/公民不健忘－台灣主權和平獨立
10,公民不健忘－台灣主權和平獨立/公民不健忘－台灣主權和平獨立
10,公民不健忘－台灣主權和平獨立/公民不健忘－台灣主權和平獨立
10,公民不健忘－台灣主權和平獨立/公民不健忘－台灣主權和平獨立
10,公民不健忘－台灣主權和平獨立/公民不健忘－台灣主權和平獨立
10,公民不健忘－台灣主權和平獨立/公民不健忘－台灣主權和平獨立
10,公民不健忘－台灣主權和平獨立/公民不健忘－台灣主權和平獨立
10,公民不健忘－台灣主權和平獨立/公民不健忘－台灣主權和平獨立
10,公民不健忘－台灣主權和平獨立/公民不健忘－台灣主權和平獨立
10,公民不健忘－台灣主權和平獨立/公民不健忘－台灣主權和平獨立
10,公民不健忘－台灣主權和平獨立/公民不健忘－台灣主權和平獨立
10,王家貞服務處專頁/王家貞服務處專頁
10,公民不健忘－台灣主權和平獨立/公民不健忘－台灣主權和平獨立
10,公民不健忘－台灣主權和平獨立/公民不健忘－台灣主權和平獨立
10,公民不健忘－台灣主權和平獨立/公民不健忘－台灣主權和平獨立
10,葡萄看林園/葡萄看林園
10,葡萄看林園/葡萄看林園
10,葡萄看林園/葡萄看林園
10,葡萄看林園/葡萄看林園
10,葡萄看林園/葡萄看林園
10,葡萄看林園/葡萄看林園
10,葡萄看林園/葡萄看林園
10,葡萄看林園/葡萄看林園
10,葡萄看林園/葡萄看林園
10,葡萄看林園/葡萄看林園
10,葡萄看林園/葡萄看林園
10,葡萄看林園/葡萄看林園
10,葡萄看林園/葡萄看林園
10,葡萄看高雄/葡萄看高雄
10,葡萄看高雄/葡萄看高雄
10,葡萄看高雄/葡萄看高雄
10,葡萄看高雄/葡萄看高雄
10,葡萄看高雄/葡萄看高雄
10,葡萄看高雄/葡萄看高雄
10,葡萄看高雄/葡萄看高雄
10,葡萄看高雄/葡萄看高雄
10,葡萄看高雄/葡萄看高雄
10,葡萄看高雄/葡萄看高雄
10,葡萄看高雄/葡萄看高雄
10,葡萄看高雄/葡萄看高雄
10,葡萄看高雄/葡萄看高雄
10,葡萄看屏東/葡萄看屏東
10,葡萄看屏東/葡萄看屏東
10,葡萄看屏東/葡萄看屏東
10,蕪菁雜誌/台灣優先
10,蕪菁雜誌/环球时乱报
10,蕪菁雜誌/黑框作業
10,公民不健忘－台灣主權和平獨立/公民不健忘－台灣主權和平獨立
10,公民不健忘－台灣主權和平獨立/公民不健忘－台灣主權和平獨立
10,公民不健忘－台灣主權和平獨立/公民不健忘－台灣主權和平獨立
10,公民不健忘－台灣主權和平獨立/公民不健忘－台灣主權和平獨立
10,公民不健忘－台灣主權和平獨立/公民不健忘－台灣主權和平獨立
10,公民不健忘－台灣主權和平獨立/公民不健忘－台灣主權和平獨立
10,公民不健忘－台灣主權和平獨立/公民不健忘－台灣主權和平獨立
10,公民不健忘－台灣主權和平獨立/公民不健忘－台灣主權和平獨立
10,BRT長輩老人經文圖/趙少康
10,中天新聞/中天新聞
10,臺中市沙鹿區公所/臺中市沙鹿區公所
10,臺中市沙鹿區公所/臺中市沙鹿區公所
10,臺中市沙鹿區公所/臺中市沙鹿區公所
10,台灣優先/环球时乱报
10,王炳忠/王炳忠
10,台灣向前行/台灣向前行
10,台灣向前行/台灣向前行
10,台灣向前行/台灣向前行
10,台灣向前行/台灣向前行
10,台灣向前行/台灣向前行
10,台灣向前行/台灣向前行
10,陳玉珍 珍愛金門/陳玉珍 珍愛金門
10,施正鋒的冥想/施正鋒的冥想
10,施正鋒的冥想/施正鋒的冥想
10,施正鋒的冥想/施正鋒的冥想
10,施正鋒的冥想/施正鋒的冥想
10,內門起義/內門起義
10,趙少康/BRT長輩老人經文圖
10,呂謦煒/呂謦煒
10,普魯士藍/普魯士藍
10,公視有話好說/公視有話好說
10,公視新聞網 PNN/公視新聞網 PNN
10,公民不健忘－台灣主權和平獨立/公民不健忘－台灣主權和平獨立
10,公民不健忘－台灣主權和平獨立/公民不健忘－台灣主權和平獨立
10,我是韓粉/我是韓粉
10,我是韓粉/我是韓粉
10,監督髮夾彎政府行動陣線/監督髮夾彎政府行動陣線
10,監督髮夾彎政府行動陣線/監督髮夾彎政府行動陣線
10,你下架我狂/你下架我狂
10,公民不健忘－台灣主權和平獨立/公民不健忘－台灣主權和平獨立
10,公民不健忘－台灣主權和平獨立/公民不健忘－台灣主權和平獨立
10,公民不健忘－台灣主權和平獨立/公民不健忘－台灣主權和平獨立
10,公民不健忘－台灣主權和平獨立/公民不健忘－台灣主權和平獨立
10,公民不健忘－台灣主權和平獨立/公民不健忘－台灣主權和平獨立
10,新聞深喉嚨/新聞深喉嚨
10,施正鋒的冥想/施正鋒的冥想
10,施正鋒的冥想/施正鋒的冥想
10,施正鋒的冥想/施正鋒的冥想
10,公民不健忘－台灣主權和平獨立/公民不健忘－台灣主權和平獨立
10,公民不健忘－台灣主權和平獨立/公民不健忘－台灣主權和平獨立
10,公民不健忘－台灣主權和平獨立/公民不健忘－台灣主權和平獨立
10,公民不健忘－台灣主權和平獨立/公民不健忘－台灣主權和平獨立
10,公民不健忘－台灣主權和平獨立/公民不健忘－台灣主權和平獨立
10,公民不健忘－台灣主權和平獨立/公民不健忘－台灣主權和平獨立
10,公民不健忘－台灣主權和平獨立/公民不健忘－台灣主權和平獨立
10,公民不健忘－台灣主權和平獨立/公民不健忘－台灣主權和平獨立
10,公民不健忘－台灣主權和平獨立/公民不健忘－台灣主權和平獨立
10,公民不健忘－台灣主權和平獨立/公民不健忘－台灣主權和平獨立
10,公民不健忘－台灣主權和平獨立/公民不健忘－台灣主權和平獨立
10,公民不健忘－台灣主權和平獨立/公民不健忘－台灣主權和平獨立
10,公民不健忘－台灣主權和平獨立/公民不健忘－台灣主權和平獨立
10,公民不健忘－台灣主權和平獨立/公民不健忘－台灣主權和平獨立
10,公民不健忘－台灣主權和平獨立/公民不健忘－台灣主權和平獨立
10,公民不健忘－台灣主權和平獨立/公民不健忘－台灣主權和平獨立
10,公民不健忘－台灣主權和平獨立/公民不健忘－台灣主權和平獨立
10,公民不健忘－台灣主權和平獨立/公民不健忘－台灣主權和平獨立
10,公民不健忘－台灣主權和平獨立/公民不健忘－台灣主權和平獨立
10,Ptt PublicIssue FB粉絲團/Ptt PublicIssue FB粉絲團
10,台灣向前行/台灣向前行
10,台灣向前行/台灣向前行
10,台灣向前行/台灣向前行
10,王世堅/王世堅
10,中視新聞/中視新聞
10,葡萄看政府/葡萄看政府
10,葡萄看政府/葡萄看政府
10,葡萄看政府/葡萄看政府
10,葡萄看政府/葡萄看政府
10,葡萄看政府/葡萄看政府
10,葡萄看政府/葡萄看政府
10,葡萄看政府/葡萄看政府
10,葡萄看政府/葡萄看政府
10,葡萄看政府/葡萄看政府
10,葡萄看政府/葡萄看政府
10,葡萄看林園/葡萄看林園
10,葡萄看林園/葡萄看林園
10,葡萄看林園/葡萄看林園
10,葡萄看林園/葡萄看林園
10,葡萄看林園/葡萄看林園
10,葡萄看林園/葡萄看林園
10,葡萄看林園/葡萄看林園
10,葡萄看林園/葡萄看林園
10,葡萄看高雄/葡萄看高雄
10,葡萄看高雄/葡萄看高雄
10,葡萄看高雄/葡萄看高雄
10,葡萄看高雄/葡萄看高雄
10,葡萄看高雄/葡萄看高雄
10,葡萄看高雄/葡萄看高雄
10,葡萄看高雄/葡萄看高雄
10,葡萄看高雄/葡萄看高雄
10,葡萄看屏東/葡萄看屏東
10,葡萄看屏東/葡萄看屏東
10,"葡萄看立委,議員/葡萄看立委,議員"
10,"葡萄看立委,議員/葡萄看立委,議員"
10,"葡萄看立委,議員/葡萄看立委,議員"
10,Nba球隊分析/Nba季後賽
10,楊寶楨 Christina/蔡壁如
10,新黨蔡明璋服務處/新黨打假除亂
10,趙少康/BRT長輩老人經文圖
10,公視新聞網 PNN/公視新聞網 PNN
10,葡萄看政府/葡萄看政府
10,葡萄看政府/葡萄看政府
10,葡萄看政府/葡萄看政府
10,葡萄看政府/葡萄看政府
10,葡萄看政府/葡萄看政府
10,葡萄看政府/葡萄看政府
10,葡萄看政府/葡萄看政府
10,葡萄看政府/葡萄看政府
10,"葡萄看立委,議員/葡萄看立委,議員"
10,"葡萄看立委,議員/葡萄看立委,議員"
10,公視有話好說/公視有話好說
10,華視新聞/華視新聞
10,倒立先生Mr. Candle/倒立先生Mr. Candle
10,倒立先生Mr. Candle/倒立先生Mr. Candle
10,倒立先生Mr. Candle/倒立先生Mr. Candle
10,倒立先生Mr. Candle/倒立先生Mr. Candle
10,黃國榮黨部/黃國榮黨部
10,黃國榮黨部/黃國榮黨部
10,BRT長輩老人經文圖/黃暐瀚
10,公民不健忘－台灣主權和平獨立/公民不健忘－台灣主權和平獨立
10,公民不健忘－台灣主權和平獨立/公民不健忘－台灣主權和平獨立
10,公民不健忘－台灣主權和平獨立/公民不健忘－台灣主權和平獨立
10,公民不健忘－台灣主權和平獨立/公民不健忘－台灣主權和平獨立
10,公民不健忘－台灣主權和平獨立/公民不健忘－台灣主權和平獨立
10,一刀未剪/鄭知道了
10,彩虹餐廳/綠農的家
10,自由時報/自由時報
10,溏風報傳媒/溏風報傳媒
10,溏風報傳媒/溏風報傳媒
10,公民不健忘－台灣主權和平獨立/公民不健忘－台灣主權和平獨立
10,公民不健忘－台灣主權和平獨立/公民不健忘－台灣主權和平獨立
10,公民不健忘－台灣主權和平獨立/公民不健忘－台灣主權和平獨立
10,公民不健忘－台灣主權和平獨立/公民不健忘－台灣主權和平獨立
10,公民不健忘－台灣主權和平獨立/公民不健忘－台灣主權和平獨立
10,公民不健忘－台灣主權和平獨立/公民不健忘－台灣主權和平獨立
10,公民不健忘－台灣主權和平獨立/公民不健忘－台灣主權和平獨立
10,公民不健忘－台灣主權和平獨立/公民不健忘－台灣主權和平獨立
10,行政院農業委員會畜產試驗所/行政院農業委員會
10,公民不健忘－台灣主權和平獨立/公民不健忘－台灣主權和平獨立
10,公民不健忘－台灣主權和平獨立/公民不健忘－台灣主權和平獨立
10,公民不健忘－台灣主權和平獨立/公民不健忘－台灣主權和平獨立
10,公民不健忘－台灣主權和平獨立/公民不健忘－台灣主權和平獨立
10,公民不健忘－台灣主權和平獨立/公民不健忘－台灣主權和平獨立
10,公民不健忘－台灣主權和平獨立/公民不健忘－台灣主權和平獨立
10,公民不健忘－台灣主權和平獨立/公民不健忘－台灣主權和平獨立
10,公民不健忘－台灣主權和平獨立/公民不健忘－台灣主權和平獨立
10,公民不健忘－台灣主權和平獨立/公民不健忘－台灣主權和平獨立
10,公民不健忘－台灣主權和平獨立/公民不健忘－台灣主權和平獨立
10,公民不健忘－台灣主權和平獨立/公民不健忘－台灣主權和平獨立
10,公民不健忘－台灣主權和平獨立/公民不健忘－台灣主權和平獨立
10,公民不健忘－台灣主權和平獨立/公民不健忘－台灣主權和平獨立
10,公民不健忘－台灣主權和平獨立/公民不健忘－台灣主權和平獨立
10,公民不健忘－台灣主權和平獨立/公民不健忘－台灣主權和平獨立
10,公民不健忘－台灣主權和平獨立/公民不健忘－台灣主權和平獨立
10,公民不健忘－台灣主權和平獨立/公民不健忘－台灣主權和平獨立
10,公民不健忘－台灣主權和平獨立/公民不健忘－台灣主權和平獨立
10,公民不健忘－台灣主權和平獨立/公民不健忘－台灣主權和平獨立
10,公民不健忘－台灣主權和平獨立/公民不健忘－台灣主權和平獨立
10,風林火山/風林火山
10,雲林公民行動聯盟/雲林公民行動聯盟
10,黃子哲政治職人/黃子哲政治職人
10,國民黨青年部/國民黨青年部
10,藍色力量/藍色力量
10,公民不健忘－台灣主權和平獨立/公民不健忘－台灣主權和平獨立
10,公民不健忘－台灣主權和平獨立/公民不健忘－台灣主權和平獨立
10,公民不健忘－台灣主權和平獨立/公民不健忘－台灣主權和平獨立
10,公民不健忘－台灣主權和平獨立/公民不健忘－台灣主權和平獨立
10,公民不健忘－台灣主權和平獨立/公民不健忘－台灣主權和平獨立
10,公民不健忘－台灣主權和平獨立/公民不健忘－台灣主權和平獨立
10,公民不健忘－台灣主權和平獨立/公民不健忘－台灣主權和平獨立
10,公民不健忘－台灣主權和平獨立/公民不健忘－台灣主權和平獨立
10,公民不健忘－台灣主權和平獨立/公民不健忘－台灣主權和平獨立
10,公民不健忘－台灣主權和平獨立/公民不健忘－台灣主權和平獨立
10,公民不健忘－台灣主權和平獨立/公民不健忘－台灣主權和平獨立
10,公民不健忘－台灣主權和平獨立/公民不健忘－台灣主權和平獨立
10,公民不健忘－台灣主權和平獨立/公民不健忘－台灣主權和平獨立
10,公民不健忘－台灣主權和平獨立/公民不健忘－台灣主權和平獨立
10,公民不健忘－台灣主權和平獨立/公民不健忘－台灣主權和平獨立
10,公民不健忘－台灣主權和平獨立/公民不健忘－台灣主權和平獨立
10,公民不健忘－台灣主權和平獨立/公民不健忘－台灣主權和平獨立
10,葡萄看政府/葡萄看政府
10,葡萄看政府/葡萄看政府
10,葡萄看政府/葡萄看政府
10,葡萄看政府/葡萄看政府
10,葡萄看政府/葡萄看政府
10,葡萄看林園/葡萄看林園
10,葡萄看林園/葡萄看林園
10,葡萄看林園/葡萄看林園
10,葡萄看林園/葡萄看林園
10,葡萄看林園/葡萄看林園
10,葡萄看林園/葡萄看林園
10,葡萄看高雄/葡萄看高雄
10,葡萄看高雄/葡萄看高雄
10,葡萄看高雄/葡萄看高雄
10,葡萄看高雄/葡萄看高雄
10,葡萄看高雄/葡萄看高雄
10,葡萄看高雄/葡萄看高雄
10,"葡萄看立委,議員/葡萄看立委,議員"
10,葡萄看政府/葡萄看政府
10,葡萄看政府/葡萄看政府
10,葡萄看政府/葡萄看政府
10,葡萄看政府/葡萄看政府
10,葡萄看政府/葡萄看政府
10,葡萄看政府/葡萄看政府
10,葡萄看政府/葡萄看政府
10,葡萄看政府/葡萄看政府
10,葡萄看政府/葡萄看政府
10,葡萄看政府/葡萄看政府
10,葡萄看政府/葡萄看政府
10,葡萄看政府/葡萄看政府
10,葡萄看政府/葡萄看政府
10,葡萄看政府/葡萄看政府
10,葡萄看政府/葡萄看政府
10,葡萄看政府/葡萄看政府
10,葡萄看政府/葡萄看政府
10,葡萄看政府/葡萄看政府
10,公民不健忘－台灣主權和平獨立/公民不健忘－台灣主權和平獨立
10,公民不健忘－台灣主權和平獨立/公民不健忘－台灣主權和平獨立
10,民意論壇：聯合報。世界日報。udn tv/民意論壇：聯合報。世界日報。udn tv
10,民意論壇：聯合報。世界日報。udn tv/民意論壇：聯合報。世界日報。udn tv
10,民意論壇：聯合報。世界日報。udn tv/民意論壇：聯合報。世界日報。udn tv
10,民意論壇：聯合報。世界日報。udn tv/民意論壇：聯合報。世界日報。udn tv
10,民意論壇：聯合報。世界日報。udn tv/民意論壇：聯合報。世界日報。udn tv
10,POP Radio聯播網/POP搶先爆
10,公民不健忘－台灣主權和平獨立/公民不健忘－台灣主權和平獨立
10,公民不健忘－台灣主權和平獨立/公民不健忘－台灣主權和平獨立
10,公民不健忘－台灣主權和平獨立/公民不健忘－台灣主權和平獨立
10,公民不健忘－台灣主權和平獨立/公民不健忘－台灣主權和平獨立
10,公民不健忘－台灣主權和平獨立/公民不健忘－台灣主權和平獨立
10,公民不健忘－台灣主權和平獨立/公民不健忘－台灣主權和平獨立
10,公民不健忘－台灣主權和平獨立/公民不健忘－台灣主權和平獨立
10,公民不健忘－台灣主權和平獨立/公民不健忘－台灣主權和平獨立
10,公民不健忘－台灣主權和平獨立/公民不健忘－台灣主權和平獨立
10,公民不健忘－台灣主權和平獨立/公民不健忘－台灣主權和平獨立
10,公民不健忘－台灣主權和平獨立/公民不健忘－台灣主權和平獨立
10,公民不健忘－台灣主權和平獨立/公民不健忘－台灣主權和平獨立
10,公民不健忘－台灣主權和平獨立/公民不健忘－台灣主權和平獨立
10,公民不健忘－台灣主權和平獨立/公民不健忘－台灣主權和平獨立
10,公民不健忘－台灣主權和平獨立/公民不健忘－台灣主權和平獨立
10,公民不健忘－台灣主權和平獨立/公民不健忘－台灣主權和平獨立
10,公民不健忘－台灣主權和平獨立/公民不健忘－台灣主權和平獨立
10,公民不健忘－台灣主權和平獨立/公民不健忘－台灣主權和平獨立
10,報呱 Pourquoi.tw/報呱 Pourquoi.tw
10,風傳媒觀點/風傳媒
10,公民不健忘－台灣主權和平獨立/公民不健忘－台灣主權和平獨立
10,公民不健忘－台灣主權和平獨立/公民不健忘－台灣主權和平獨立
10,公民不健忘－台灣主權和平獨立/公民不健忘－台灣主權和平獨立
10,公民不健忘－台灣主權和平獨立/公民不健忘－台灣主權和平獨立
10,民視新聞/民視新聞
10,公民不健忘－台灣主權和平獨立/公民不健忘－台灣主權和平獨立
10,公民不健忘－台灣主權和平獨立/公民不健忘－台灣主權和平獨立
10,公民不健忘－台灣主權和平獨立/公民不健忘－台灣主權和平獨立
10,民進黨台灣民主學院/民主進步黨
10,葡萄看林園/葡萄看林園
10,葡萄看林園/葡萄看林園
10,葡萄看林園/葡萄看林園
10,葡萄看林園/葡萄看林園
10,葡萄看林園/葡萄看林園
10,葡萄看林園/葡萄看林園
10,葡萄看林園/葡萄看林園
10,葡萄看林園/葡萄看林園
10,葡萄看林園/葡萄看林園
10,葡萄看林園/葡萄看林園
10,葡萄看林園/葡萄看林園
10,葡萄看高雄/葡萄看高雄
10,葡萄看高雄/葡萄看高雄
10,葡萄看高雄/葡萄看高雄
10,葡萄看高雄/葡萄看高雄
10,葡萄看高雄/葡萄看高雄
10,葡萄看高雄/葡萄看高雄
10,葡萄看高雄/葡萄看高雄
10,葡萄看高雄/葡萄看高雄
10,葡萄看高雄/葡萄看高雄
10,葡萄看高雄/葡萄看高雄
10,葡萄看高雄/葡萄看高雄
10,葡萄看政府/葡萄看政府
10,葡萄看政府/葡萄看政府
10,葡萄看政府/葡萄看政府
10,葡萄看政府/葡萄看政府
10,葡萄看政府/葡萄看政府
10,葡萄看政府/葡萄看政府
10,葡萄看政府/葡萄看政府
10,葡萄看政府/葡萄看政府
10,葡萄看政府/葡萄看政府
10,葡萄看政府/葡萄看政府
10,葡萄看政府/葡萄看政府
10,葡萄看政府/葡萄看政府
10,葡萄看政府/葡萄看政府
10,Ptt PublicIssue FB粉絲團/Ptt PublicIssue FB粉絲團
10,全國軍公教、醫護及各界專業人仕拒投國民黨/全國軍公教、醫護及各界專業人仕拒投國民黨
10,全國軍公教、醫護及各界專業人仕拒投國民黨/全國軍公教、醫護及各界專業人仕拒投國民黨
10,反抗中共併呑，一票不投泛藍/反抗中共併呑，一票不投泛藍
10,反抗中共併呑，一票不投泛藍/反抗中共併呑，一票不投泛藍
10,酸酸時事鐵絲團/酸酸時事鐵絲團
10,酸酸時事鐵絲團/酸酸時事鐵絲團
10,民視新聞/民視新聞
10,葡萄看林園/葡萄看林園
10,葡萄看高雄/葡萄看高雄
10,葡萄看政府/葡萄看政府
10,公民不健忘－台灣主權和平獨立/公民不健忘－台灣主權和平獨立
10,公民不健忘－台灣主權和平獨立/公民不健忘－台灣主權和平獨立
10,公民不健忘－台灣主權和平獨立/公民不健忘－台灣主權和平獨立
10,葡萄看林園/葡萄看林園
10,葡萄看林園/葡萄看林園
10,葡萄看林園/葡萄看林園
10,葡萄看林園/葡萄看林園
10,葡萄看政府/葡萄看政府
10,葡萄看政府/葡萄看政府
10,葡萄看政府/葡萄看政府
10,葡萄看高雄/葡萄看高雄
10,葡萄看高雄/葡萄看高雄
10,葡萄看高雄/葡萄看高雄
10,葡萄看高雄/葡萄看高雄
10,公民不健忘－台灣主權和平獨立/公民不健忘－台灣主權和平獨立
10,公民不健忘－台灣主權和平獨立/公民不健忘－台灣主權和平獨立
10,公民不健忘－台灣主權和平獨立/公民不健忘－台灣主權和平獨立
10,公民不健忘－台灣主權和平獨立/公民不健忘－台灣主權和平獨立
10,公民不健忘－台灣主權和平獨立/公民不健忘－台灣主權和平獨立
10,公民不健忘－台灣主權和平獨立/公民不健忘－台灣主權和平獨立
10,公民不健忘－台灣主權和平獨立/公民不健忘－台灣主權和平獨立
10,公民不健忘－台灣主權和平獨立/公民不健忘－台灣主權和平獨立
10,公民不健忘－台灣主權和平獨立/公民不健忘－台灣主權和平獨立
10,公民不健忘－台灣主權和平獨立/公民不健忘－台灣主權和平獨立
10,台灣新住民交流後援會/韓國瑜大桃園後援會
10,民意論壇：聯合報。世界日報。udn tv/民意論壇：聯合報。世界日報。udn tv
10,民意論壇：聯合報。世界日報。udn tv/民意論壇：聯合報。世界日報。udn tv
10,民意論壇：聯合報。世界日報。udn tv/民意論壇：聯合報。世界日報。udn tv
10,民意論壇：聯合報。世界日報。udn tv/民意論壇：聯合報。世界日報。udn tv
10,民意論壇：聯合報。世界日報。udn tv/民意論壇：聯合報。世界日報。udn tv
10,民意論壇：聯合報。世界日報。udn tv/民意論壇：聯合報。世界日報。udn tv
10,民意論壇：聯合報。世界日報。udn tv/民意論壇：聯合報。世界日報。udn tv
10,民意論壇：聯合報。世界日報。udn tv/民意論壇：聯合報。世界日報。udn tv
10,民意論壇：聯合報。世界日報。udn tv/民意論壇：聯合報。世界日報。udn tv
10,民意論壇：聯合報。世界日報。udn tv/民意論壇：聯合報。世界日報。udn tv
10,民意論壇：聯合報。世界日報。udn tv/民意論壇：聯合報。世界日報。udn tv
10,公民不健忘－台灣主權和平獨立/公民不健忘－台灣主權和平獨立
10,公民不健忘－台灣主權和平獨立/公民不健忘－台灣主權和平獨立
10,公民不健忘－台灣主權和平獨立/公民不健忘－台灣主權和平獨立
10,公民不健忘－台灣主權和平獨立/公民不健忘－台灣主權和平獨立
10,公民不健忘－台灣主權和平獨立/公民不健忘－台灣主權和平獨立
10,公民不健忘－台灣主權和平獨立/公民不健忘－台灣主權和平獨立
10,公民不健忘－台灣主權和平獨立/公民不健忘－台灣主權和平獨立
10,公民不健忘－台灣主權和平獨立/公民不健忘－台灣主權和平獨立
10,公民不健忘－台灣主權和平獨立/公民不健忘－台灣主權和平獨立
10,公民不健忘－台灣主權和平獨立/公民不健忘－台灣主權和平獨立
10,公民不健忘－台灣主權和平獨立/公民不健忘－台灣主權和平獨立
10,風傳媒觀點/風傳媒
10,公民不健忘－台灣主權和平獨立/公民不健忘－台灣主權和平獨立
10,公民不健忘－台灣主權和平獨立/公民不健忘－台灣主權和平獨立
10,公民不健忘－台灣主權和平獨立/公民不健忘－台灣主權和平獨立
10,公民不健忘－台灣主權和平獨立/公民不健忘－台灣主權和平獨立
10,中天新聞/中天新聞
10,新聞深喉嚨/新聞深喉嚨
10,新聞深喉嚨/新聞深喉嚨
10,新聞深喉嚨/新覺僵講幹話
10,公民不健忘－台灣主權和平獨立/公民不健忘－台灣主權和平獨立
10,公民不健忘－台灣主權和平獨立/公民不健忘－台灣主權和平獨立
10,Nba經典分析/Nba經典分析
10,八百壯士捍衛權益/八百壯士捍衛權益
10,中視新聞/中視新聞
10,上報評論圈/上報
10,中時新聞網/中時新聞網
10,民進黨嘉義縣黨部/民主進步黨
10,新覺僵講幹話/新聞深喉嚨
10,新覺僵講幹話/新聞深喉嚨
10,公民不健忘－台灣主權和平獨立/公民不健忘－台灣主權和平獨立
10,公民不健忘－台灣主權和平獨立/公民不健忘－台灣主權和平獨立
10,公民不健忘－台灣主權和平獨立/公民不健忘－台灣主權和平獨立
10,公民不健忘－台灣主權和平獨立/公民不健忘－台灣主權和平獨立
10,公民不健忘－台灣主權和平獨立/公民不健忘－台灣主權和平獨立
10,公民不健忘－台灣主權和平獨立/公民不健忘－台灣主權和平獨立
10,公民不健忘－台灣主權和平獨立/公民不健忘－台灣主權和平獨立
10,藍色力量/藍色力量
10,藍色力量/藍色力量
10,公民不健忘－台灣主權和平獨立/公民不健忘－台灣主權和平獨立
10,公民不健忘－台灣主權和平獨立/公民不健忘－台灣主權和平獨立
10,公民不健忘－台灣主權和平獨立/公民不健忘－台灣主權和平獨立
10,BRT長輩老人經文圖/BRT長輩老人經文圖
10,ETtoday筋斗雲/ETtoday筋斗雲
10,ETtoday筋斗雲/ETtoday筋斗雲
10,ETtoday筋斗雲/ETtoday筋斗雲
10,ETtoday筋斗雲/ETtoday筋斗雲
10,ETtoday筋斗雲/ETtoday筋斗雲
10,公民不健忘－台灣主權和平獨立/公民不健忘－台灣主權和平獨立
10,公民不健忘－台灣主權和平獨立/公民不健忘－台灣主權和平獨立
10,公民不健忘－台灣主權和平獨立/公民不健忘－台灣主權和平獨立
10,公民不健忘－台灣主權和平獨立/公民不健忘－台灣主權和平獨立
10,公民不健忘－台灣主權和平獨立/公民不健忘－台灣主權和平獨立
10,公民不健忘－台灣主權和平獨立/公民不健忘－台灣主權和平獨立
10,公民不健忘－台灣主權和平獨立/公民不健忘－台灣主權和平獨立
10,公民不健忘－台灣主權和平獨立/公民不健忘－台灣主權和平獨立
10,公民不健忘－台灣主權和平獨立/公民不健忘－台灣主權和平獨立
10,公民不健忘－台灣主權和平獨立/公民不健忘－台灣主權和平獨立
10,公民不健忘－台灣主權和平獨立/公民不健忘－台灣主權和平獨立
10,家國天下/家國天下
10,中華民國網路後援會/你下架我狂
10,反抗中共併呑，一票不投泛藍/反抗中共併呑，一票不投泛藍
10,全國軍公教、醫護及各界專業人仕拒投國民黨/全國軍公教、醫護及各界專業人仕拒投國民黨
10,酸酸時事鐵絲團/酸酸時事鐵絲團
10,葡萄看政府/葡萄看政府
10,葡萄看政府/葡萄看政府
10,葡萄看政府/葡萄看政府
10,葡萄看政府/葡萄看政府
10,葡萄看政府/葡萄看政府
10,葡萄看政府/葡萄看政府
10,葡萄看政府/葡萄看政府
10,葡萄看政府/葡萄看政府
10,葡萄看政府/葡萄看政府
10,葡萄看政府/葡萄看政府
10,葡萄看政府/葡萄看政府
10,葡萄看政府/葡萄看政府
10,葡萄看政府/葡萄看政府
10,葡萄看政府/葡萄看政府
10,葡萄看政府/葡萄看政府
10,葡萄看政府/葡萄看政府
10,葡萄看高雄/葡萄看高雄
10,葡萄看高雄/葡萄看高雄
10,葡萄看高雄/葡萄看高雄
10,葡萄看高雄/葡萄看高雄
10,葡萄看高雄/葡萄看高雄
10,葡萄看高雄/葡萄看高雄
10,葡萄看高雄/葡萄看高雄
10,葡萄看高雄/葡萄看高雄
10,葡萄看高雄/葡萄看高雄
10,葡萄看高雄/葡萄看高雄
10,葡萄看高雄/葡萄看高雄
10,葡萄看高雄/葡萄看高雄
10,葡萄看高雄/葡萄看高雄
10,葡萄看高雄/葡萄看高雄
10,葡萄看高雄/葡萄看高雄
10,葡萄看屏東/葡萄看屏東
10,葡萄看屏東/葡萄看屏東
10,葡萄看屏東/葡萄看屏東
10,葡萄看屏東/葡萄看屏東
10,Taiwan Center Foundation of Greater Los Angeles 大洛杉磯台灣會館/Taiwan Center Foundation of Greater Los Angeles 大洛杉磯台灣會館
10,Taiwan Center Foundation of Greater Los Angeles 大洛杉磯台灣會館/Taiwan Center Foundation of Greater Los Angeles 大洛杉磯台灣會館
10,Taiwan Center Foundation of Greater Los Angeles 大洛杉磯台灣會館/Taiwan Center Foundation of Greater Los Angeles 大洛杉磯台灣會館
10,風傳媒/風傳媒觀點
10,台灣向前行/台灣向前行
10,台灣向前行/台灣向前行
10,逆風儒解義/逆風儒解義
10,ETtoday筋斗雲/ETtoday筋斗雲
10,ETtoday筋斗雲/ETtoday筋斗雲
10,ETtoday筋斗雲/ETtoday筋斗雲
10,ETtoday筋斗雲/ETtoday筋斗雲
10,葡萄看政府/葡萄看政府
10,葡萄看政府/葡萄看政府
10,葡萄看政府/葡萄看政府
10,葡萄看政府/葡萄看政府
10,葡萄看政府/葡萄看政府
10,葡萄看政府/葡萄看政府
10,葡萄看政府/葡萄看政府
10,葡萄看政府/葡萄看政府
10,葡萄看政府/葡萄看政府
10,葡萄看政府/葡萄看政府
10,葡萄看政府/葡萄看政府
10,葡萄看政府/葡萄看政府
10,葡萄看政府/葡萄看政府
10,葡萄看政府/葡萄看政府
10,葡萄看政府/葡萄看政府
10,葡萄看政府/葡萄看政府
10,葡萄看政府/葡萄看政府
10,葡萄看政府/葡萄看政府
10,葡萄看政府/葡萄看政府
10,葡萄看政府/葡萄看政府
10,趙少康/趙少康
10,趙少康/BRT長輩老人經文圖
10,公民不健忘－台灣主權和平獨立/公民不健忘－台灣主權和平獨立
10,公民不健忘－台灣主權和平獨立/公民不健忘－台灣主權和平獨立
10,公民不健忘－台灣主權和平獨立/公民不健忘－台灣主權和平獨立
10,公民不健忘－台灣主權和平獨立/公民不健忘－台灣主權和平獨立
10,TVBS 少康戰情室/TVBS 少康戰情室
10,自由時報/自由時報
10,自由時報/自由時報
10,溏風報傳媒/溏風報傳媒
10,倒立先生Mr. Candle/倒立先生Mr. Candle
10,倒立先生Mr. Candle/倒立先生Mr. Candle
10,倒立先生Mr. Candle/倒立先生Mr. Candle
10,倒立先生Mr. Candle/倒立先生Mr. Candle
10,倒立先生Mr. Candle/倒立先生Mr. Candle
10,趙少康/BRT長輩老人經文圖
10,自由時報/自由時報
10,公民不健忘－台灣主權和平獨立/公民不健忘－台灣主權和平獨立
10,公民不健忘－台灣主權和平獨立/公民不健忘－台灣主權和平獨立
10,公民不健忘－台灣主權和平獨立/公民不健忘－台灣主權和平獨立
10,公民不健忘－台灣主權和平獨立/公民不健忘－台灣主權和平獨立
10,公民不健忘－台灣主權和平獨立/公民不健忘－台灣主權和平獨立
10,公民不健忘－台灣主權和平獨立/公民不健忘－台灣主權和平獨立
10,公民不健忘－台灣主權和平獨立/公民不健忘－台灣主權和平獨立
10,公民不健忘－台灣主權和平獨立/公民不健忘－台灣主權和平獨立
10,公民不健忘－台灣主權和平獨立/公民不健忘－台灣主權和平獨立
10,公民不健忘－台灣主權和平獨立/公民不健忘－台灣主權和平獨立
10,公民不健忘－台灣主權和平獨立/公民不健忘－台灣主權和平獨立
10,公民不健忘－台灣主權和平獨立/公民不健忘－台灣主權和平獨立
10,葡萄看政府/葡萄看政府
10,葡萄看政府/葡萄看政府
10,葡萄看政府/葡萄看政府
10,葡萄看政府/葡萄看政府
10,葡萄看政府/葡萄看政府
10,葡萄看政府/葡萄看政府
10,葡萄看政府/葡萄看政府
10,葡萄看政府/葡萄看政府
10,葡萄看政府/葡萄看政府
10,葡萄看政府/葡萄看政府
10,葡萄看政府/葡萄看政府
10,葡萄看林園/葡萄看林園
10,葡萄看林園/葡萄看林園
10,葡萄看林園/葡萄看林園
10,葡萄看林園/葡萄看林園
10,葡萄看林園/葡萄看林園
10,葡萄看林園/葡萄看林園
10,葡萄看林園/葡萄看林園
10,葡萄看林園/葡萄看林園
10,葡萄看林園/葡萄看林園
10,葡萄看高雄/葡萄看高雄
10,葡萄看高雄/葡萄看高雄
10,葡萄看高雄/葡萄看高雄
10,葡萄看高雄/葡萄看高雄
10,葡萄看高雄/葡萄看高雄
10,葡萄看高雄/葡萄看高雄
10,葡萄看高雄/葡萄看高雄
10,葡萄看高雄/葡萄看高雄
10,葡萄看高雄/葡萄看高雄
10,公民不健忘－台灣主權和平獨立/公民不健忘－台灣主權和平獨立
10,公民不健忘－台灣主權和平獨立/公民不健忘－台灣主權和平獨立
10,公民不健忘－台灣主權和平獨立/公民不健忘－台灣主權和平獨立
10,公民不健忘－台灣主權和平獨立/公民不健忘－台灣主權和平獨立
10,公民不健忘－台灣主權和平獨立/公民不健忘－台灣主權和平獨立
10,公民不健忘－台灣主權和平獨立/公民不健忘－台灣主權和平獨立
10,公民不健忘－台灣主權和平獨立/公民不健忘－台灣主權和平獨立
10,公民不健忘－台灣主權和平獨立/公民不健忘－台灣主權和平獨立
10,公民不健忘－台灣主權和平獨立/公民不健忘－台灣主權和平獨立
10,公民不健忘－台灣主權和平獨立/公民不健忘－台灣主權和平獨立
10,公民不健忘－台灣主權和平獨立/公民不健忘－台灣主權和平獨立
10,ETtoday筋斗雲/ETtoday筋斗雲
10,ETtoday筋斗雲/ETtoday筋斗雲
10,ETtoday筋斗雲/ETtoday筋斗雲
10,ETtoday筋斗雲/ETtoday筋斗雲
10,ETtoday筋斗雲/ETtoday筋斗雲
10,風傳媒觀點/風傳媒
10,POP Radio聯播網/POP搶先爆
10,台灣向前行/台灣向前行
10,公民不健忘－台灣主權和平獨立/公民不健忘－台灣主權和平獨立
10,公民不健忘－台灣主權和平獨立/公民不健忘－台灣主權和平獨立
10,藍色力量/藍色力量
10,台灣公民陣線/經濟民主連合
10,鍾沛君/徐巧芯
10,中視新聞/中視新聞
10,公民不健忘－台灣主權和平獨立/公民不健忘－台灣主權和平獨立
10,公民不健忘－台灣主權和平獨立/公民不健忘－台灣主權和平獨立
10,公民不健忘－台灣主權和平獨立/公民不健忘－台灣主權和平獨立
10,公民不健忘－台灣主權和平獨立/公民不健忘－台灣主權和平獨立
10,公民不健忘－台灣主權和平獨立/公民不健忘－台灣主權和平獨立
10,公民不健忘－台灣主權和平獨立/公民不健忘－台灣主權和平獨立
10,公民不健忘－台灣主權和平獨立/公民不健忘－台灣主權和平獨立
10,公民不健忘－台灣主權和平獨立/公民不健忘－台灣主權和平獨立
10,公民不健忘－台灣主權和平獨立/公民不健忘－台灣主權和平獨立
10,公民不健忘－台灣主權和平獨立/公民不健忘－台灣主權和平獨立
10,公民不健忘－台灣主權和平獨立/公民不健忘－台灣主權和平獨立
10,公民不健忘－台灣主權和平獨立/公民不健忘－台灣主權和平獨立
10,公民不健忘－台灣主權和平獨立/公民不健忘－台灣主權和平獨立
10,公民不健忘－台灣主權和平獨立/公民不健忘－台灣主權和平獨立
10,公民不健忘－台灣主權和平獨立/公民不健忘－台灣主權和平獨立
10,公民不健忘－台灣主權和平獨立/公民不健忘－台灣主權和平獨立
10,公民不健忘－台灣主權和平獨立/公民不健忘－台灣主權和平獨立
10,公民不健忘－台灣主權和平獨立/公民不健忘－台灣主權和平獨立
10,公民不健忘－台灣主權和平獨立/公民不健忘－台灣主權和平獨立
10,公民不健忘－台灣主權和平獨立/公民不健忘－台灣主權和平獨立
10,公民不健忘－台灣主權和平獨立/公民不健忘－台灣主權和平獨立
10,公民不健忘－台灣主權和平獨立/公民不健忘－台灣主權和平獨立
10,公民不健忘－台灣主權和平獨立/公民不健忘－台灣主權和平獨立
10,公民不健忘－台灣主權和平獨立/公民不健忘－台灣主權和平獨立
10,公民不健忘－台灣主權和平獨立/公民不健忘－台灣主權和平獨立
10,公民不健忘－台灣主權和平獨立/公民不健忘－台灣主權和平獨立
10,歆姐·女工程師/Rosa-Engineer/歆姐·女工程師/Rosa-Engineer
10,劉櫂豪/民進黨台東縣黨部
10,葡萄的異想世界/葡萄的異想世界
10,葡萄的異想世界/葡萄的異想世界
10,葡萄的異想世界/葡萄的異想世界
10,葡萄的異想世界/葡萄的異想世界
10,葡萄的異想世界/葡萄的異想世界
10,葡萄看政府/葡萄看政府
10,葡萄看政府/葡萄看政府
10,葡萄看政府/葡萄看政府
10,葡萄看政府/葡萄看政府
10,葡萄看政府/葡萄看政府
10,葡萄看政府/葡萄看政府
10,葡萄看政府/葡萄看政府
10,葡萄看政府/葡萄看政府
10,葡萄看政府/葡萄看政府
10,葡萄看政府/葡萄看政府
10,葡萄看政府/葡萄看政府
10,葡萄看政府/葡萄看政府
10,葡萄看政府/葡萄看政府
10,葡萄看政府/葡萄看政府
10,葡萄看政府/葡萄看政府
10,葡萄看政府/葡萄看政府
10,葡萄看政府/葡萄看政府
10,葡萄看政府/葡萄看政府
10,葡萄看政府/葡萄看政府
10,葡萄看政府/葡萄看政府
10,葡萄看政府/葡萄看政府
10,葡萄看林園/葡萄看林園
10,葡萄看林園/葡萄看林園
10,葡萄看林園/葡萄看林園
10,葡萄看林園/葡萄看林園
10,葡萄看林園/葡萄看林園
10,葡萄看林園/葡萄看林園
10,葡萄看林園/葡萄看林園
10,葡萄看林園/葡萄看林園
10,葡萄看林園/葡萄看林園
10,葡萄看林園/葡萄看林園
10,葡萄看林園/葡萄看林園
10,葡萄看林園/葡萄看林園
10,葡萄看林園/葡萄看林園
10,葡萄看林園/葡萄看林園
10,葡萄看林園/葡萄看林園
10,葡萄看林園/葡萄看林園
10,葡萄看林園/葡萄看林園
10,葡萄看高雄/葡萄看高雄
10,葡萄看高雄/葡萄看高雄
10,葡萄看高雄/葡萄看高雄
10,葡萄看高雄/葡萄看高雄
10,葡萄看高雄/葡萄看高雄
10,葡萄看高雄/葡萄看高雄
10,葡萄看高雄/葡萄看高雄
10,葡萄看高雄/葡萄看高雄
10,葡萄看高雄/葡萄看高雄
10,葡萄看高雄/葡萄看高雄
10,葡萄看高雄/葡萄看高雄
10,葡萄看高雄/葡萄看高雄
10,葡萄看高雄/葡萄看高雄
10,葡萄看高雄/葡萄看高雄
10,葡萄看高雄/葡萄看高雄
10,葡萄看高雄/葡萄看高雄
10,葡萄看高雄/葡萄看高雄
10,葡萄看高雄/葡萄看高雄
10,公民不健忘－台灣主權和平獨立/公民不健忘－台灣主權和平獨立
10,公民不健忘－台灣主權和平獨立/公民不健忘－台灣主權和平獨立
10,公民不健忘－台灣主權和平獨立/公民不健忘－台灣主權和平獨立
10,公民不健忘－台灣主權和平獨立/公民不健忘－台灣主權和平獨立
10,公民不健忘－台灣主權和平獨立/公民不健忘－台灣主權和平獨立
10,公民不健忘－台灣主權和平獨立/公民不健忘－台灣主權和平獨立
10,雲林公民行動聯盟/雲林公民行動聯盟
10,中視新聞/中視新聞
10,BRT長輩老人經文圖/BRT長輩老人經文圖
10,BRT長輩老人經文圖/BRT長輩老人經文圖
10,BRT長輩老人經文圖/BRT長輩老人經文圖
10,BRT長輩老人經文圖/BRT長輩老人經文圖
10,BRT長輩老人經文圖/BRT長輩老人經文圖
10,BRT長輩老人經文圖/BRT長輩老人經文圖
10,BRT長輩老人經文圖/BRT長輩老人經文圖
10,BRT長輩老人經文圖/BRT長輩老人經文圖
10,BRT長輩老人經文圖/BRT長輩老人經文圖
10,BRT長輩老人經文圖/BRT長輩老人經文圖
10,BRT長輩老人經文圖/BRT長輩老人經文圖
10,BRT長輩老人經文圖/BRT長輩老人經文圖
10,BRT長輩老人經文圖/BRT長輩老人經文圖
10,BRT長輩老人經文圖/BRT長輩老人經文圖
10,BRT長輩老人經文圖/BRT長輩老人經文圖
10,BRT長輩老人經文圖/BRT長輩老人經文圖
10,BRT長輩老人經文圖/BRT長輩老人經文圖
10,BRT長輩老人經文圖/BRT長輩老人經文圖
10,BRT長輩老人經文圖/BRT長輩老人經文圖
10,BRT長輩老人經文圖/BRT長輩老人經文圖
10,BRT長輩老人經文圖/BRT長輩老人經文圖
10,施正鋒的冥想/施正鋒的冥想
10,施正鋒的冥想/施正鋒的冥想
10,施正鋒的冥想/施正鋒的冥想
10,施正鋒的冥想/施正鋒的冥想
10,施正鋒的冥想/施正鋒的冥想
10,施正鋒的冥想/施正鋒的冥想
10,公視台語台/台灣新眼界
10,中華微視/兩岸頭條
10,瑜你同在/瑜你同在
10,瑜你同在/瑜你同在
10,藍色力量/藍色力量
10,藍色力量/藍色力量
10,藍色力量/藍色力量
10,Nba球隊分析/Nba季後賽
10,公民不健忘－台灣主權和平獨立/公民不健忘－台灣主權和平獨立
10,公民不健忘－台灣主權和平獨立/公民不健忘－台灣主權和平獨立
10,公民不健忘－台灣主權和平獨立/公民不健忘－台灣主權和平獨立
10,公民不健忘－台灣主權和平獨立/公民不健忘－台灣主權和平獨立
10,公民不健忘－台灣主權和平獨立/公民不健忘－台灣主權和平獨立
10,公民不健忘－台灣主權和平獨立/公民不健忘－台灣主權和平獨立
10,公民不健忘－台灣主權和平獨立/公民不健忘－台灣主權和平獨立
10,公民不健忘－台灣主權和平獨立/公民不健忘－台灣主權和平獨立
10,簡余晏/簡余晏
10,公民不健忘－台灣主權和平獨立/公民不健忘－台灣主權和平獨立
10,風傳媒/風傳媒觀點
10,寶島聯播網/寶島聯播網
10,綠農的家/彩虹餐廳
10,葡萄的異想世界/葡萄的異想世界
10,葡萄的異想世界/葡萄的異想世界
10,葡萄看政府/葡萄看政府
10,葡萄看政府/葡萄看政府
10,葡萄看政府/葡萄看政府
10,葡萄看政府/葡萄看政府
10,葡萄看政府/葡萄看政府
10,葡萄看政府/葡萄看政府
10,葡萄看政府/葡萄看政府
10,葡萄看政府/葡萄看政府
10,葡萄看政府/葡萄看政府
10,公民不健忘－台灣主權和平獨立/公民不健忘－台灣主權和平獨立
10,公民不健忘－台灣主權和平獨立/公民不健忘－台灣主權和平獨立
10,公民不健忘－台灣主權和平獨立/公民不健忘－台灣主權和平獨立
10,公民不健忘－台灣主權和平獨立/公民不健忘－台灣主權和平獨立
10,公民不健忘－台灣主權和平獨立/公民不健忘－台灣主權和平獨立
10,公民不健忘－台灣主權和平獨立/公民不健忘－台灣主權和平獨立
10,公民不健忘－台灣主權和平獨立/公民不健忘－台灣主權和平獨立
10,公民不健忘－台灣主權和平獨立/公民不健忘－台灣主權和平獨立
10,公民不健忘－台灣主權和平獨立/公民不健忘－台灣主權和平獨立
10,台灣公民陣線/經濟民主連合
10,黃淑鈴雲林縣議員粉絲團/黃淑鈴雲林縣議員粉絲團
10,公民不健忘－台灣主權和平獨立/公民不健忘－台灣主權和平獨立
10,上報/上報評論圈
10,PTT Gossiping 批踢踢八卦板/PTT Gossiping 批踢踢八卦板
10,瑜你同在/瑜你同在
10,葡萄的異想世界/葡萄的異想世界
10,葡萄看政府/葡萄看政府
10,葡萄看政府/葡萄看政府
10,葡萄看政府/葡萄看政府
10,葡萄看政府/葡萄看政府
10,葡萄看政府/葡萄看政府
10,葡萄看政府/葡萄看政府
10,一角十分的新聞短報/一角十分的新聞短報
10,一角十分的新聞短報/一角十分的新聞短報
10,一角十分的新聞短報/一角十分的新聞短報
10,一角十分的新聞短報/一角十分的新聞短報
10,一角十分的新聞短報/一角十分的新聞短報
10,一角十分的新聞短報/一角十分的新聞短報
10,一角十分的新聞短報/一角十分的新聞短報
10,一角十分的新聞短報/一角十分的新聞短報
10,一角十分的新聞短報/一角十分的新聞短報
10,一角十分的新聞短報/一角十分的新聞短報
10,一角十分的新聞短報/一角十分的新聞短報
10,台灣新住民交流後援會/韓國瑜大桃園後援會
10,民意論壇：聯合報。世界日報。udn tv/民意論壇：聯合報。世界日報。udn tv
10,民意論壇：聯合報。世界日報。udn tv/民意論壇：聯合報。世界日報。udn tv
10,民意論壇：聯合報。世界日報。udn tv/民意論壇：聯合報。世界日報。udn tv
10,民意論壇：聯合報。世界日報。udn tv/民意論壇：聯合報。世界日報。udn tv
10,民意論壇：聯合報。世界日報。udn tv/民意論壇：聯合報。世界日報。udn tv
10,民意論壇：聯合報。世界日報。udn tv/民意論壇：聯合報。世界日報。udn tv
10,民意論壇：聯合報。世界日報。udn tv/民意論壇：聯合報。世界日報。udn tv
10,民意論壇：聯合報。世界日報。udn tv/民意論壇：聯合報。世界日報。udn tv
10,民意論壇：聯合報。世界日報。udn tv/民意論壇：聯合報。世界日報。udn tv
10,民意論壇：聯合報。世界日報。udn tv/民意論壇：聯合報。世界日報。udn tv
10,民意論壇：聯合報。世界日報。udn tv/民意論壇：聯合報。世界日報。udn tv
10,US Taiwan Watch: 美國台灣觀測站/US Taiwan Watch: 美國台灣觀測站
10,中國國民黨桃園市中壢區黨部/中國國民黨桃園市觀音區黨部
10,中國國民黨桃園市中壢區黨部/中國國民黨桃園市黨部粉絲團
10,中國國民黨桃園市中壢區黨部/中國國民黨桃園市桃園區黨部
10,中國國民黨桃園市中壢區黨部/中國國民黨桃園市楊梅區黨部
10,中國國民黨桃園市中壢區黨部/中國國民黨桃園市大園區黨部
10,中國國民黨桃園市中壢區黨部/中國國民黨桃園市平鎮區黨部
10,中國國民黨桃園市中壢區黨部/中國國民黨桃園市復興區黨部
10,中國國民黨桃園市大園區黨部/中國國民黨桃園市平鎮區黨部
10,中國國民黨桃園市大園區黨部/中國國民黨桃園市觀音區黨部
10,中國國民黨桃園市大園區黨部/中國國民黨桃園市桃園區黨部
10,中國國民黨桃園市大溪區黨部/中國國民黨桃園市平鎮區黨部
10,中國國民黨桃園市大溪區黨部/中國國民黨桃園市大園區黨部
10,中國國民黨桃園市大溪區黨部/中國國民黨桃園市楊梅區黨部
10,中國國民黨桃園市大溪區黨部/中國國民黨桃園市中壢區黨部
10,中國國民黨桃園市大溪區黨部/中國國民黨桃園市黨部粉絲團
10,中國國民黨桃園市大溪區黨部/中國國民黨桃園市桃園區黨部
10,中國國民黨桃園市大溪區黨部/中國國民黨桃園市觀音區黨部
10,中國國民黨桃園市大溪區黨部/中國國民黨桃園市復興區黨部
10,中國國民黨桃園市平鎮區黨部/中國國民黨桃園市桃園區黨部
10,中國國民黨桃園市平鎮區黨部/中國國民黨桃園市觀音區黨部
10,中國國民黨桃園市復興區黨部/中國國民黨桃園市蘆竹區黨部
10,中國國民黨桃園市復興區黨部/中國國民黨桃園市平鎮區黨部
10,中國國民黨桃園市復興區黨部/中國國民黨桃園市黨部粉絲團
10,中國國民黨桃園市復興區黨部/中國國民黨桃園市桃園區黨部
10,中國國民黨桃園市復興區黨部/中國國民黨桃園市大園區黨部
10,中國國民黨桃園市復興區黨部/中國國民黨桃園市楊梅區黨部
10,中國國民黨桃園市復興區黨部/中國國民黨桃園市觀音區黨部
10,中國國民黨桃園市楊梅區黨部/中國國民黨桃園市大園區黨部
10,中國國民黨桃園市楊梅區黨部/中國國民黨桃園市桃園區黨部
10,中國國民黨桃園市楊梅區黨部/中國國民黨桃園市觀音區黨部
10,中國國民黨桃園市楊梅區黨部/中國國民黨桃園市蘆竹區黨部
10,中國國民黨桃園市蘆竹區黨部/中國國民黨桃園市桃園區黨部
10,中國國民黨桃園市蘆竹區黨部/中國國民黨桃園市觀音區黨部
10,中國國民黨桃園市觀音區黨部/中國國民黨桃園市桃園區黨部
10,中國國民黨桃園市黨部粉絲團/中國國民黨桃園市蘆竹區黨部
10,中國國民黨桃園市黨部粉絲團/中國國民黨桃園市平鎮區黨部
10,中國國民黨桃園市黨部粉絲團/中國國民黨桃園市楊梅區黨部
10,中國國民黨桃園市黨部粉絲團/中國國民黨桃園市桃園區黨部
10,中國國民黨桃園市黨部粉絲團/中國國民黨桃園市大園區黨部
10,中國國民黨桃園市黨部粉絲團/中國國民黨桃園市觀音區黨部
10,中國國民黨桃園市龍潭區黨部/中國國民黨桃園市黨部粉絲團
10,中國國民黨桃園市龍潭區黨部/中國國民黨桃園市桃園區黨部
10,中國國民黨桃園市龍潭區黨部/中國國民黨桃園市觀音區黨部
10,中國國民黨桃園市龍潭區黨部/中國國民黨桃園市復興區黨部
10,中國國民黨桃園市龍潭區黨部/中國國民黨桃園市楊梅區黨部
10,中國國民黨桃園市龍潭區黨部/中國國民黨桃園市蘆竹區黨部
10,中國國民黨桃園市龍潭區黨部/中國國民黨桃園市大溪區黨部
10,中國國民黨桃園市龍潭區黨部/中國國民黨桃園市大園區黨部
10,中國國民黨桃園市龍潭區黨部/中國國民黨桃園市平鎮區黨部
10,中國國民黨桃園市龍潭區黨部/中國國民黨桃園市中壢區黨部
10,黃暐瀚/BRT長輩老人經文圖
10,一角十分的新聞短報/一角十分的新聞短報
10,一角十分的新聞短報/一角十分的新聞短報
10,一角十分的新聞短報/一角十分的新聞短報
10,柱姐志工服務站/台灣媽媽聯盟
10,公民不健忘－台灣主權和平獨立/公民不健忘－台灣主權和平獨立
10,公民不健忘－台灣主權和平獨立/公民不健忘－台灣主權和平獨立
10,公民不健忘－台灣主權和平獨立/公民不健忘－台灣主權和平獨立
10,公民不健忘－台灣主權和平獨立/公民不健忘－台灣主權和平獨立
10,公民不健忘－台灣主權和平獨立/公民不健忘－台灣主權和平獨立
10,公民不健忘－台灣主權和平獨立/公民不健忘－台灣主權和平獨立
10,你下架我狂/中華民國網路後援會
10,民主進步黨/民主進步黨澎湖縣黨部
10,民主進步黨/民進黨嘉義市黨部
10,民主進步黨/民進黨台灣民主學院
10,民進黨台灣民主學院/民進黨嘉義市黨部
10,民進黨台灣民主學院/民主進步黨澎湖縣黨部
10,民進黨台灣民主學院/民進黨苗栗縣黨部
10,中華民國網路後援會/你下架我狂
10,時代力量新北黨部/時代力量屏東黨部
10,民進黨苗栗縣黨部/民進黨嘉義市黨部
10,民進黨苗栗縣黨部/民主進步黨澎湖縣黨部
10,民進黨嘉義市黨部/民主進步黨澎湖縣黨部
10,肯腦濕的人生相談室/肯腦濕的人生相談室
10,ETtoday筋斗雲/ETtoday筋斗雲
10,台灣新住民交流後援會/韓國瑜大桃園後援會
10,公民不健忘－台灣主權和平獨立/公民不健忘－台灣主權和平獨立
10,公民不健忘－台灣主權和平獨立/公民不健忘－台灣主權和平獨立
10,葡萄的異想世界/葡萄的異想世界
10,葡萄的異想世界/葡萄的異想世界
10,葡萄的異想世界/葡萄的異想世界
10,一角十分的新聞短報/一角十分的新聞短報
10,一角十分的新聞短報/一角十分的新聞短報
10,倒立先生Mr. Candle/倒立先生Mr. Candle
10,中華民國讚/BRT長輩老人經文圖
10,公民不健忘－台灣主權和平獨立/公民不健忘－台灣主權和平獨立
10,公民不健忘－台灣主權和平獨立/公民不健忘－台灣主權和平獨立
10,公民不健忘－台灣主權和平獨立/公民不健忘－台灣主權和平獨立
10,葡萄看政府/葡萄看政府
10,葡萄看政府/葡萄看政府
10,葡萄看政府/葡萄看政府
10,葡萄看政府/葡萄看政府
10,葡萄看政府/葡萄看政府
10,葡萄看政府/葡萄看政府
10,葡萄看政府/葡萄看政府
10,葡萄看政府/葡萄看政府
10,葡萄看政府/葡萄看政府
10,葡萄看政府/葡萄看政府
10,葡萄看政府/葡萄看政府
10,葡萄看政府/葡萄看政府
10,葡萄看林園/葡萄看林園
10,葡萄看林園/葡萄看林園
10,葡萄看林園/葡萄看林園
10,葡萄看林園/葡萄看林園
10,葡萄看林園/葡萄看林園
10,葡萄看林園/葡萄看林園
10,葡萄看林園/葡萄看林園
10,葡萄看林園/葡萄看林園
10,葡萄看林園/葡萄看林園
10,葡萄看林園/葡萄看林園
10,葡萄看高雄/葡萄看高雄
10,葡萄看高雄/葡萄看高雄
10,葡萄看高雄/葡萄看高雄
10,葡萄看高雄/葡萄看高雄
10,葡萄看高雄/葡萄看高雄
10,葡萄看高雄/葡萄看高雄
10,葡萄看高雄/葡萄看高雄
10,葡萄看高雄/葡萄看高雄
10,葡萄看高雄/葡萄看高雄
10,葡萄看高雄/葡萄看高雄
10,風傳媒/風傳媒觀點
10,486先生/486先生
10,台灣土地正義行動聯盟/臺中市私立黎明幼兒園
10,一角十分的新聞短報/一角十分的新聞短報
10,PTT Gossiping 批踢踢八卦板/PTT Gossiping 批踢踢八卦板
10,ETtoday筋斗雲/ETtoday筋斗雲
10,ETtoday筋斗雲/ETtoday筋斗雲
10,垃圾廣播公司余尚鈎Der釣魚台RBS/垃圾廣播公司余尚鈎Der釣魚台RBS
10,全國軍公教、醫護及各界專業人仕拒投國民黨/全國軍公教、醫護及各界專業人仕拒投國民黨
10,台灣新住民交流後援會/韓國瑜大桃園後援會
10,風傳媒/風傳媒觀點
10,上報評論圈/上報
10,林金結/林金結
10,你下架我狂/中華民國網路後援會
10,一角十分的新聞短報/一角十分的新聞短報
10,中視新聞/中視新聞
10,風傳媒觀點/風傳媒
10,黃國榮黨部/黃國榮黨部
10,歆姐·女工程師/Rosa-Engineer/歆姐·女工程師/Rosa-Engineer
10,歆姐·女工程師/Rosa-Engineer/歆姐·女工程師/Rosa-Engineer
10,無色覺醒/無色覺醒
10,無色覺醒/無色覺醒
10,反抗中共併呑，一票不投泛藍/酸酸時事鐵絲團
10,中廣新聞/中廣新聞
10,上報評論圈/上報
10,時論廣場/時論廣場
10,ETtoday筋斗雲/ETtoday筋斗雲
10,葡萄的異想世界/葡萄的異想世界
10,葡萄的異想世界/葡萄的異想世界
10,葡萄的異想世界/葡萄的異想世界
10,葡萄的異想世界/葡萄的異想世界
10,葡萄看政府/葡萄看政府
10,葡萄看政府/葡萄看政府
10,葡萄看政府/葡萄看政府
10,葡萄看政府/葡萄看政府
10,葡萄看政府/葡萄看政府
10,葡萄看政府/葡萄看政府
10,葡萄看政府/葡萄看政府
10,葡萄看政府/葡萄看政府
10,葡萄看政府/葡萄看政府
10,葡萄看政府/葡萄看政府
10,葡萄看政府/葡萄看政府
10,葡萄看政府/葡萄看政府
10,葡萄看政府/葡萄看政府
10,葡萄看政府/葡萄看政府
10,葡萄看政府/葡萄看政府
10,葡萄看政府/葡萄看政府
10,葡萄看政府/葡萄看政府
10,葡萄看政府/葡萄看政府
10,葡萄看政府/葡萄看政府
10,葡萄看林園/葡萄看林園
10,葡萄看林園/葡萄看林園
10,葡萄看林園/葡萄看林園
10,葡萄看林園/葡萄看林園
10,葡萄看林園/葡萄看林園
10,葡萄看林園/葡萄看林園
10,葡萄看林園/葡萄看林園
10,葡萄看林園/葡萄看林園
10,葡萄看林園/葡萄看林園
10,葡萄看林園/葡萄看林園
10,葡萄看林園/葡萄看林園
10,葡萄看林園/葡萄看林園
10,葡萄看林園/葡萄看林園
10,葡萄看林園/葡萄看林園
10,葡萄看林園/葡萄看林園
10,葡萄看林園/葡萄看林園
10,葡萄看高雄/葡萄看高雄
10,葡萄看高雄/葡萄看高雄
10,葡萄看高雄/葡萄看高雄
10,葡萄看高雄/葡萄看高雄
10,葡萄看高雄/葡萄看高雄
10,葡萄看高雄/葡萄看高雄
10,葡萄看高雄/葡萄看高雄
10,葡萄看高雄/葡萄看高雄
10,葡萄看高雄/葡萄看高雄
10,葡萄看高雄/葡萄看高雄
10,葡萄看高雄/葡萄看高雄
10,葡萄看高雄/葡萄看高雄
10,葡萄看高雄/葡萄看高雄
10,葡萄看高雄/葡萄看高雄
10,葡萄看高雄/葡萄看高雄
10,葡萄看高雄/葡萄看高雄
10,葡萄看高雄/葡萄看高雄
10,新聞龍捲風/新聞龍捲風
10,BRT長輩老人經文圖/BRT長輩老人經文圖
10,一角十分的新聞短報/一角十分的新聞短報
10,一角十分的新聞短報/一角十分的新聞短報
10,一角十分的新聞短報/一角十分的新聞短報
10,一角十分的新聞短報/一角十分的新聞短報
10,我是韓粉/我是韓粉
10,公民不健忘－台灣主權和平獨立/公民不健忘－台灣主權和平獨立
10,公民不健忘－台灣主權和平獨立/公民不健忘－台灣主權和平獨立
10,公民不健忘－台灣主權和平獨立/公民不健忘－台灣主權和平獨立
10,公民不健忘－台灣主權和平獨立/公民不健忘－台灣主權和平獨立
10,BRT長輩老人經文圖/黃暐瀚
10,世主計程車隊（預約制車行）/世主計程車隊（預約制車行）
10,葡萄看林園/葡萄看林園
10,葡萄看林園/葡萄看林園
10,葡萄看林園/葡萄看林園
10,葡萄看林園/葡萄看林園
10,葡萄看林園/葡萄看林園
10,葡萄看高雄/葡萄看高雄
10,葡萄看高雄/葡萄看高雄
10,葡萄看高雄/葡萄看高雄
10,葡萄看高雄/葡萄看高雄
10,葡萄看高雄/葡萄看高雄
10,葡萄看政府/葡萄看政府
10,葡萄看政府/葡萄看政府
10,葡萄看政府/葡萄看政府
10,葡萄看政府/葡萄看政府
10,藍蝴蝶論政/無腦事件簿
10,藍蝴蝶論政/Openkmt論壇
10,五六七大聯盟/無腦事件簿
10,OPEN KMT  開放聯盟/Openkmt論壇
10,Openkmt論壇/無腦事件簿
10,Openkmt論壇/五六七大聯盟
10,Openkmt論壇/正藍旗
10,正藍旗/無腦事件簿
10,正藍旗/五六七大聯盟
10,簡余晏/黑框作業
10,簡余晏/蕪菁雜誌
10,民意論壇：聯合報。世界日報。udn tv/民意論壇：聯合報。世界日報。udn tv
10,民意論壇：聯合報。世界日報。udn tv/民意論壇：聯合報。世界日報。udn tv
10,民意論壇：聯合報。世界日報。udn tv/民意論壇：聯合報。世界日報。udn tv
10,民意論壇：聯合報。世界日報。udn tv/民意論壇：聯合報。世界日報。udn tv
10,民意論壇：聯合報。世界日報。udn tv/民意論壇：聯合報。世界日報。udn tv
10,民意論壇：聯合報。世界日報。udn tv/民意論壇：聯合報。世界日報。udn tv
10,民意論壇：聯合報。世界日報。udn tv/民意論壇：聯合報。世界日報。udn tv
10,民意論壇：聯合報。世界日報。udn tv/民意論壇：聯合報。世界日報。udn tv
10,民意論壇：聯合報。世界日報。udn tv/民意論壇：聯合報。世界日報。udn tv
10,雲林公民行動聯盟/雲林公民行動聯盟
10,趙少康/BRT長輩老人經文圖
10,綠農的家/綠書坊
10,彩虹餐廳/綠農的家
10,公民不健忘－台灣主權和平獨立/公民不健忘－台灣主權和平獨立
10,公民不健忘－台灣主權和平獨立/公民不健忘－台灣主權和平獨立
10,公民不健忘－台灣主權和平獨立/公民不健忘－台灣主權和平獨立
10,中視新聞/中視新聞
10,風傳媒觀點/風傳媒
10,公民不健忘－台灣主權和平獨立/公民不健忘－台灣主權和平獨立
10,震傳媒 Z.media/震傳媒 Z.media
10,公民不健忘－台灣主權和平獨立/公民不健忘－台灣主權和平獨立
10,公民不健忘－台灣主權和平獨立/公民不健忘－台灣主權和平獨立
10,公民不健忘－台灣主權和平獨立/公民不健忘－台灣主權和平獨立
10,新聞龍捲風/新聞龍捲風
10,上報評論圈/上報
10,公民不健忘－台灣主權和平獨立/公民不健忘－台灣主權和平獨立
10,公民不健忘－台灣主權和平獨立/公民不健忘－台灣主權和平獨立
10,民意論壇：聯合報。世界日報。udn tv/民意論壇：聯合報。世界日報。udn tv
10,公民不健忘－台灣主權和平獨立/公民不健忘－台灣主權和平獨立
10,公民不健忘－台灣主權和平獨立/公民不健忘－台灣主權和平獨立
10,公民不健忘－台灣主權和平獨立/公民不健忘－台灣主權和平獨立
10,公民不健忘－台灣主權和平獨立/公民不健忘－台灣主權和平獨立
10,公民不健忘－台灣主權和平獨立/公民不健忘－台灣主權和平獨立
10,中國國民黨桃園市黨部粉絲團/中國國民黨桃園市楊梅區黨部
10,中國國民黨桃園市八德區黨部/中國國民黨桃園市黨部粉絲團
10,中國國民黨桃園市八德區黨部/中國國民黨桃園市楊梅區黨部
10,公民不健忘－台灣主權和平獨立/公民不健忘－台灣主權和平獨立
10,公民不健忘－台灣主權和平獨立/公民不健忘－台灣主權和平獨立
10,公民不健忘－台灣主權和平獨立/公民不健忘－台灣主權和平獨立
10,公民不健忘－台灣主權和平獨立/公民不健忘－台灣主權和平獨立
10,臺中市沙鹿區公所/臺中市沙鹿區公所
10,臺中市沙鹿區公所/臺中市沙鹿區公所
10,施正鋒的冥想/施正鋒的冥想
10,民意論壇：聯合報。世界日報。udn tv/民意論壇：聯合報。世界日報。udn tv
10,民意論壇：聯合報。世界日報。udn tv/民意論壇：聯合報。世界日報。udn tv
10,民意論壇：聯合報。世界日報。udn tv/民意論壇：聯合報。世界日報。udn tv
10,民意論壇：聯合報。世界日報。udn tv/民意論壇：聯合報。世界日報。udn tv
10,中廣新聞/中廣新聞
10,中廣新聞/中廣新聞
10,時代力量 台北黨部/時代力量 台北黨部
10,時代力量 台北黨部/時代力量 台北黨部
10,全國軍公教、醫護及各界專業人仕拒投國民黨/全國軍公教、醫護及各界專業人仕拒投國民黨
10,反抗中共併呑，一票不投泛藍/反抗中共併呑，一票不投泛藍
10,酸酸時事鐵絲團/酸酸時事鐵絲團
10,時代力量 台北黨部/時代力量 台北黨部
